DoD_Component,State_Territory,Installation_Name,Installation_Type,Cleanup_Status
Army,Alabama,AASF #1 R W Shepherd Hope Hull,National Guard,PA/SI Underway
Army,Alabama,AASF #2 Birmingham,National Guard,PA/SI Underway
Army,Alabama,AASF #3 Bates Field Mobile,National Guard,PA/SI Underway
Army,Alabama,ALAAP,BRAC,PA/SI Underway
Army,Alabama,Anniston Army Depot,Active,PA/SI Underway
Army,Alabama,Fort McClellan,National Guard,Action
Army,Alabama,Fort McClellan BRAC,BRAC,PA/SI Underway
Army,Alabama,Fort Rucker,Active,PA/SI Underway
Army,Alabama,Pelham Range,National Guard,Action
Army,Alabama,Redstone Arsenal,Active,PA/SI Underway
Army,Alaska,Bethel AAOF,National Guard,PA/SI Underway
Army,Alaska,Bryant Airfield- JBER,National Guard,PA/SI Underway
Army,Alaska,Fort Greely,Active,PA/SI Underway
Army,Alaska,Fort Wainwright,Active,PA/SI Underway
Army,Alaska,Fort Wainwright - Gerstle River Test Site,Active,PA/SI Underway
Army,Alaska,Fort Wainwright - Haines Pipeline Facilities,Active,PA/SI Underway
Army,Alaska,Juneau AAOF,National Guard,PA/SI Underway
Army,Alaska,Nome AAOF,National Guard,PA/SI Underway
Army,Arizona,Camp Navajo,National Guard,PA/SI Underway
Army,Arizona,Florence Military Reservation,National Guard,Action
Army,Arizona,Fort Huachuca,Active,PA/SI Underway
Army,Arizona,Popago Military Reservation,National Guard,PA/SI Underway
Army,Arizona,Silver Bell Army Heliport,National Guard,PA/SI Underway
Army,Arizona,Tempe Readiness Center,National Guard,Action
Army,Arizona,Yuma Proving Ground,Active,PA/SI Underway
Army,Arkansas,Camp Robinson,National Guard,PA/SI Underway
Army,Arkansas,Fort Chaffee,BRAC,PA/SI Underway
Army,Arkansas,Pine Bluff Arsenal,Active,PA/SI Underway
Army,California,Camp Roberts,National Guard,PA/SI Underway
Army,California,Camp San Luis Obispo,National Guard,PA/SI Underway
Army,California,Fort Hunter Liggett,Active,PA/SI and RI Underway
Army,California,Training Area,Active,PA/SI Underway
Army,California,Fort Irwin,Active,PA/SI Underway
Army,California,Fort Ord,BRAC,PA/SI Underway
Army,California,Fresno TASMG,National Guard,PA/SI Underway
Army,California,Hamilton Airfield,BRAC,PA/SI Underway
Army,California,JFTB Los Alamitos,National Guard,PA/SI and RI Underway
Army,California,Lompoc,BRAC,PA/SI Underway
Army,California,Military Ocean Terminal Concord,Active,PA/SI Underway
Army,California,NG Sacramento Mather (AASF),National Guard,PA/SI Underway
Army,California,Presidio of Monterey,Active,PA/SI Underway
Army,California,Presidio of Monterey - Sharpe Army Depot,Active,PA/SI Underway
Army,California,Rio Vista,BRAC,PA/SI Underway
Army,California,Riverbank Army Ammunition Plant,BRAC,PA/SI Underway
Army,California,Roseville Armory,National Guard,PA/SI Underway
Army,California,Sacramento Army Depot,BRAC,PA/SI Underway
Army,California,Sierra Army Depot,Active,PA/SI Underway
Army,California,Sierra Army Depot BRAC,BRAC,PA/SI Underway
Army,California,Stockton AASF,National Guard,PA/SI Underway
Army,Colorado,Buckley Air Force Base AASF,National Guard,PA/SI Underway
Army,Colorado,Fort Carson,Active,PA/SI Underway
Army,Colorado,Gypsum (HAATS),National Guard,PA/SI Underway
Army,Colorado,Pueblo Army Depot Active,Active,PA/SI Underway
Army,Colorado,Pueblo Army Depot BRAC,BRAC,PA/SI Underway
Army,Colorado,Rocky Mountain Arsenal,Active,Action
Army,Connecticut,Groton AVCRAD and TASMG Hangar 2,National Guard,PA/SI Underway
Army,Connecticut,Windsor Locks AASF,National Guard,PA/SI Underway
Army,Delaware,Duncan Armory AASF,National Guard,PA/SI Underway
Army,Delaware,River Road Training Site,National Guard,Action
Army,Delaware,Stern Armory,National Guard,Action
Army,Delaware,Wilmington Armory,National Guard,Action
Army,Florida,"Brooksville RC, AASF #2",National Guard,PA/SI Underway
Army,Florida,Camp Blanding,National Guard,PA/SI Underway
Army,Florida,Dade City Readiness Center,National Guard,Action
Army,Florida,Fort Pierce Readiness Center,National Guard,Action
Army,Florida,"Jacksonville, Cecil Field, AASF #1",National Guard,Another Installation
Army,Florida,Lakeland Readiness Center,National Guard,Action
Army,Florida,Mariana Readiness Ctr,National Guard,PA/SI Underway
Army,Florida,Pensacola (Ellyson Field),National Guard,Action
Army,Florida,Plant City Readiness Center,National Guard,Action
Army,Georgia,Fort Benning,Active,PA/SI Underway
Army,Georgia,Fort Benning - Camp Merrill,Active,PA/SI Underway
Army,Georgia,Fort Gillem,BRAC,PA/SI Underway
Army,Georgia,Fort Gordon,Active,PA/SI Underway
Army,Georgia,Fort Gordon - Gillem Annex,Active,PA/SI Underway
Army,Georgia,Fort McPherson,BRAC,Action
Army,Georgia,Fort Stewart,Active,PA/SI Underway
Army,Georgia,Fort Stewart - Hunter AAF,Active,PA/SI Underway
Army,Georgia,Center,National Guard,PA/SI Underway
Army,Georgia,Georgia Garrison Training Center,National Guard,Action
Army,Georgia,Hunter AAF - AASF Hangar 805,National Guard,Another Installation
Army,Georgia,Winder Barrow County Airport (enclave),National Guard,PA/SI Underway
Army,Guam,AASF Guam,National Guard,PA/SI Underway
Army,Hawaii,Fort Ruger,National Guard,Action
Army,Hawaii,Hilo AASF #2,National Guard,Action
Army,Hawaii,NAS),National Guard,PA/SI Underway
Army,Hawaii,USAG HI - Dillingham Military Reservation,Active,PA/SI Underway
Army,Hawaii,Medical Center,Active,PA/SI Underway
Army,Hawaii,USAG HI - Hawaii - Wheeler Army Airfield,Active,PA/SI Underway
Army,Hawaii,USAG HI - Helemano RAD REC Station,Active,PA/SI Underway
Army,Hawaii,USAG HI - Kahuku Training Area,Active,PA/SI Underway
Army,Hawaii,USAG HI - Kilauea Military Reservation,Active,PA/SI Underway
Army,Hawaii,USAG HI - Kipapa Ammunition Storage Site Active,PA/SI Underway,NA
Army,Hawaii,USAG HI - Kunia Field Station,Active,PA/SI Underway
Army,Hawaii,USAG HI - Makua Military Reservation,Active,PA/SI Underway
Army,Hawaii,USAG HI - Oahu - Schofield Barracks,Active,PA/SI Underway
Army,Hawaii,USAG HI - Pohakuloa Training Center,Active,PA/SI Underway
Army,Hawaii,(UTES),National Guard,PA/SI Underway
Army,Idaho,Edgemeade TS Mountain Home,National Guard,Action
Army,Idaho,Gowen Field Boise/Airport Training Area,National Guard,PA/SI Underway
Army,Idaho,Orchard MATES Boise,National Guard,PA/SI Underway
Army,Illinois,Charles Melvin Price Support Center,Active,PA/SI Underway
Army,Illinois,"Chicago (Midway Armory, AASF #2)",National Guard,PA/SI Underway
Army,Illinois,Decatur AASF #1,National Guard,PA/SI Underway
Army,Illinois,Fort Sheridan,BRAC,PA/SI Underway
Army,Illinois,Joliet Army Ammunition Plant,Active,PA/SI Underway
Army,Illinois,Kankakee AASF / Readiness Center,National Guard,Action
Army,Illinois,Peoria AASF #3 and AASF #4,National Guard,PA/SI Underway
Army,Illinois,Rock Island Arsenal,Active,PA/SI Underway
Army,Illinois,Savanna Army Depot,BRAC,PA/SI Completed - RI Planned
Army,Illinois,Sparta Armory,National Guard,Action
Army,Indiana,Camp Atterbury/Range 36 ATG,National Guard,PA/SI Underway
Army,Indiana,Fort Benjamin Harrison,BRAC,PA/SI Underway
Army,Indiana,Gary AASF,National Guard,PA/SI Underway
Army,Indiana,Indiana Army Ammunition Plant,Active,PA/SI Underway
Army,Indiana,Muscatatuck Urban Training Center,National Guard,PA/SI Underway
Army,Indiana,Newport Chemical Depot,BRAC,PA/SI Underway
Army,Indiana,Shelbyville AASF,National Guard,PA/SI Underway
Army,Iowa,Boone AASF,National Guard,PA/SI Underway
Army,Iowa,Camp Dodge Johnston Training Site,National Guard,PA/SI Completed - RI Planned
Army,Iowa,Davenport AASF,National Guard,PA/SI Underway
Army,Iowa,Iowa Army Ammunition Plant,Active,PA/SI Underway
Army,Iowa,Waterloo Big Rock AASF #2,National Guard,PA/SI Underway
Army,Kansas,ASF New Century,Active,PA/SI Underway
Army,Kansas,Fort Leavenworth,Active,PA/SI Completed - RI Underway
Army,Kansas,Fort Riley,Active,PA/SI and RI Underway
Army,Kansas,Kansas Army Ammunition Plant,BRAC,PA/SI Underway
Army,Kansas,Salina AASF #2,National Guard,PA/SI Underway
Army,Kansas,Sunflower Army Ammunition Plant,Active,PA/SI Underway
Army,Kansas,Topeka Forbes Field AASF #1,National Guard,PA/SI Completed - RI Planned
Army,Kentucky,Blue Grass Army Depot,Active,PA/SI Underway
Army,Kentucky,Bluegrass Army Depot BRAC,BRAC,PA/SI Underway
Army,Kentucky,Boone National Guard Center - AASF,National Guard,PA/SI Underway
Army,Kentucky,Fort Campbell,Active,PA/SI Underway
Army,Kentucky,Fort Knox,Active,PA/SI Underway
Army,Kentucky,W.H. Ford Regional Training Center,National Guard,PA/SI Underway
Army,Louisiana,Camp Beauregard,National Guard,PA/SI Underway
Army,Louisiana,Camp Minden,National Guard,Action
Army,Louisiana,Camp Villere,National Guard,Action
Army,Louisiana,Esler Field AASF #2,National Guard,PA/SI Underway
Army,Louisiana,Fort Polk,Active,PA/SI Underway
Army,Louisiana,Fort Polk - Peason Ridge,Active,PA/SI Underway
Army,Louisiana,Hammond AASF #1,National Guard,PA/SI Underway
Army,Louisiana,Lake Charles Chenault Airfield,National Guard,PA/SI Underway
Army,Maine,Bangor Training Site,National Guard,PA/SI Underway
Army,Maine,Brunswick West,National Guard,Action
Army,Maine,Brunswick Armed Forces Reserve Center,National Guard,Action
Army,Maine,Brunswick East,National Guard,Action
Army,Maine,Caswell Training Site,National Guard,Action
Army,Maine,Presque Isle SFRO,National Guard,Action
Army,Marshall Islands,Kwajalein Atoll,Active,PA/SI Underway
Army,Maryland,Aberdeen Proving Ground,Active,PA/SI Underway
Army,Maryland,Laboratory Center,Active,PA/SI Underway
Army,Maryland,Fort Detrick,Active,PA/SI Underway
Army,Maryland,Fort Detrick - Forest Glen Annex,Active,PA/SI Underway
Army,Maryland,Fort Meade,Active,PA/SI Underway
Army,Maryland,Fort Meade,BRAC,PA/SI Underway
Army,Maryland,Fort Meade - Phoenix Military Reservation,Active,PA/SI Underway
Army,Maryland,Weide AASF (enclave on APG),National Guard,Another Installation
Army,Massachusetts,Camp Edwards,National Guard,PA/SI Underway
Army,Massachusetts,Devens,BRAC,PA/SI Completed - RI Underway
Army,Massachusetts,Devens Reserve Forces Training Area,Active,PA/SI Underway
Army,Massachusetts,Natick Soldier Systems Center,Active,Action
Army,Massachusetts,Sudbury,BRAC,PA/SI Underway
Army,Massachusetts,Westfield/Barnes AASF,National Guard,Action
Army,Michigan,Belmont Armory,National Guard,Action
Army,Michigan,Detroit Arsenal,Active,PA/SI Underway
Army,Michigan,Detroit Arsenal,BRAC,PA/SI Underway
Army,Michigan,Ft Custer,National Guard,PA/SI Underway
Army,Michigan,Grand Ledge AASF,National Guard,PA/SI Completed - RI Planned
Army,Michigan,Lansing Airport Hangar,National Guard,PA/SI Underway
Army,Michigan,wide PAI),National Guard,PA/SI Completed - RI Underway
Army,Michigan,MTC-H Camp Grayling-Cantonment,National Guard,PA/SI and RI Underway
Army,Michigan,MTC-H Camp Grayling-MATES,National Guard,PA/SI Completed - RI Planned
Army,Minnesota,Camp Ripley (all AOIs),National Guard,PA/SI Underway
Army,Minnesota,(Western AOI SI),National Guard,PA/SI Underway
Army,Minnesota,Holman Field AASF,National Guard,PA/SI Underway
Army,Minnesota,St Cloud AASF,National Guard,PA/SI Underway
Army,Minnesota,Twin Cities Army Ammunition Plant,Active,PA/SI Underway
Army,Mississippi,AASF Jackson,National Guard,PA/SI Underway
Army,Mississippi,AASF Meridian,National Guard,PA/SI Underway
Army,Mississippi,AASF Tupelo,National Guard,PA/SI Underway
Army,Mississippi,Camp McCain,National Guard,PA/SI Underway
Army,Mississippi,Camp Shelby,National Guard,PA/SI Underway
Army,Mississippi,TASMG Gulfport,National Guard,PA/SI Underway
Army,Missouri,Fort Leonard Wood,Active,PA/SI Underway
Army,Missouri,Jefferson City AASF/Armory,National Guard,PA/SI Underway
Army,Missouri,Lake City Ammunition Plant,Active,PA/SI Underway
Army,Missouri,Springfield AVCRAD,National Guard,PA/SI Underway
Army,Missouri,St Louis Army Ammunition Plant,Active,PA/SI Underway
Army,Missouri,Whiteman Flight Facility,National Guard,Action
Army,Montana,Fort William Henry Harrison /JFHQ MT,National Guard,PA/SI and RI Underway
Army,Montana,Helena Aviation Readiness Center - AASF,National Guard,PA/SI Underway
Army,Nebraska,Cornhusker Army Ammunition Plant,Active,PA/SI Underway
Army,Nebraska,Grand Island AASF/RC,National Guard,PA/SI Underway
Army,Nebraska,Lincoln AASF/Readiness Center,National Guard,PA/SI Underway
Army,Nebraska,Norfolk FMS #7,National Guard,PA/SI Underway
Army,Nevada,Hawthorne Army Depot,Active,PA/SI Underway
Army,Nevada,Las Vegas Cheyenne AASF,National Guard,PA/SI Underway
Army,Nevada,Reno AASF,National Guard,PA/SI Underway
Army,New Hampshire,AASF Concord,National Guard,PA/SI Underway
Army,New Hampshire,Laboratory,Active,Action
Army,New Hampshire,"Former Crash Fire Station, Building 241",National Guard,Action
Army,New Hampshire,State Military Reservation,National Guard,PA/SI Underway
Army,New Hampshire,Strafford TS - New Hampshire TS,National Guard,PA/SI Underway
Army,New Jersey,AASF Main Hangar-cold storage,National Guard,PA/SI Completed - RI Planned
Army,New Jersey,Picatinny Arsenal,Active,PA/SI Underway
Army,New Mexico,Fort Wingate,BRAC,PA/SI Underway
Army,New Mexico,Riorancho,National Guard,PA/SI Underway
Army,New Mexico,Roswell,National Guard,PA/SI Underway
Army,New Mexico,Santa Fe AASF,National Guard,PA/SI Underway
Army,New Mexico,White Sands Missile Range,Active,PA/SI Underway
Army,New York,Albany AASF #3/DMNA HQ /FMS #16,National Guard,PA/SI Underway
Army,New York,Camp Smith/CSMS A - SI,National Guard,PA/SI Underway
Army,New York,Fort Drum,Active,PA/SI Underway
Army,New York,Fort Hamilton,Active,Action
Army,New York,Rochester Readiness Center/AASF #2,National Guard,PA/SI Underway
Army,New York,Ronkonkoma Readiness Center/AASF #1,National Guard,PA/SI Underway
Army,New York,Seneca Army Ammunition Plant,BRAC,PA/SI Underway
Army,New York,Watervliet Arsenal,Active,PA/SI Underway
Army,New York,West Point,Active,PA/SI Underway
Army,North Carolina,Fort Bragg,Active,PA/SI Underway
Army,North Carolina,Fort Bragg - Camp Mackall,Active,PA/SI Underway
Army,North Carolina,Military Ocean Terminal Sunny Point,Active,PA/SI Underway
Army,North Carolina,Morrisville AASF #1,National Guard,PA/SI Underway
Army,North Carolina,Salisbury AASF #2,National Guard,PA/SI Underway
Army,North Carolina,Tarheel Army Missile Plant,Active,PA/SI Underway
Army,North Dakota,Bismarck AASF Complex,National Guard,PA/SI Underway
Army,North Dakota,Fargo AASF #2,National Guard,PA/SI Underway
Army,Ohio,Green Armory AASF#1,National Guard,PA/SI Underway
Army,Ohio,Lima Army Tank Plant,Active,PA/SI Underway
Army,Ohio,Mansfield LAHM Fire Station,National Guard,Action
Army,Ohio,Rickenbacker (MTA) - AASF #2,National Guard,PA/SI Underway
Army,Oklahoma,Fort Sill,Active,PA/SI Underway
Army,Oklahoma,Lexington AASF #1,National Guard,PA/SI Underway
Army,Oklahoma,McAlester Army Ammunition Plant,Active,PA/SI Underway
Army,Oklahoma,Tulsa AASF #2,National Guard,PA/SI Underway
Army,Oregon,Bend COTEF (Youth Challenge),National Guard,Action
Army,Oregon,Biak Training Areas Brett Hall,National Guard,PA/SI Underway
Army,Oregon,Camp Adair Corvallis,National Guard,PA/SI Underway
Army,Oregon,Site,National Guard,PA/SI Underway
Army,Oregon,Christmas Valley Radar Site,National Guard,Action
Army,Oregon,McNary Field Salem AASF,National Guard,PA/SI Completed - RI Planned
Army,Oregon,MTA Camp Rilea,National Guard,PA/SI Underway
Army,Oregon,Pang Base Enclave,National Guard,Action
Army,Oregon,Pendleton Complex Armory / AASF,National Guard,PA/SI Underway
Army,Oregon,Umatilla Chemical Depot,BRAC,PA/SI Underway
Army,Oregon,Umatilla Depot,National Guard,PA/SI Underway
Army,Pennsylvania,Carlisle Barracks,Active,PA/SI Underway
Army,Pennsylvania,Fort Indiantown Gap,National Guard,PA/SI Completed - RI Planned
Army,Pennsylvania,Johnstown AASF #2/Readiness Center,National Guard,PA/SI Underway
Army,Pennsylvania,Letterkenny Army Depot,Active,PA/SI Underway
Army,Pennsylvania,Letterkenny Army Depot,BRAC,PA/SI Underway
Army,Pennsylvania,N Penn,BRAC,PA/SI Completed - RI Planned
Army,Pennsylvania,Scranton Army Ammunition Plant,Active,PA/SI Underway
Army,Pennsylvania,Tobyhanna Army Depot,Active,PA/SI Underway
Army,Puerto Rico,AASF PR,National Guard,PA/SI Underway
Army,Puerto Rico,Center,National Guard,PA/SI Underway
Army,Puerto Rico,Fort Allen,National Guard,PA/SI Underway
Army,Puerto Rico,Fort Buchanan,Active,PA/SI Underway
Army,Puerto Rico,Gurabo Readiness Center,National Guard,Action
Army,Puerto Rico,Mayaquez Readiness Center,National Guard,Action
Army,Puerto Rico,Vega Baja Readiness Center,National Guard,PA/SI Underway
Army,Puerto Rico,Watercraft Maintenance Support Center,National Guard,Action
Army,Rhode Island,North Smithfield,National Guard,Action
Army,Rhode Island,Quonset Point-AASF,National Guard,PA/SI Underway
Army,South Carolina,AASF Upstate,National Guard,PA/SI Underway
Army,South Carolina,Allendale Armory,National Guard,PA/SI Underway
Army,South Carolina,Fort Jackson,Active,PA/SI Underway
Army,South Carolina,McCrady Training Site,National Guard,PA/SI Underway
Army,South Carolina,McEntire ANG AASF,National Guard,PA/SI Underway
Army,South Dakota,Joint Forces Headquarters SD,National Guard,Action
Army,South Dakota,Rapid City Airport Complex,National Guard,PA/SI Underway
Army,Tennessee,AASF #2 TN,National Guard,PA/SI Underway
Army,Tennessee,DDMT,BRAC,PA/SI Underway
Army,Tennessee,Holston Army Ammunition Plant,Active,PA/SI Underway
Army,Tennessee,Jackson Airport Armory/AASF #3,National Guard,PA/SI Underway
Army,Tennessee,Joint Base Berry Field,National Guard,Action
Army,Tennessee,Milan Army Ammunition Plant,Active,PA/SI Underway
Army,Tennessee,Volunteer Army Ammunition Plant,Active,PA/SI Underway
Army,Tennessee,VTS Smyrna,National Guard,PA/SI Underway
Army,Texas,Austin Bergstrom Hangar,National Guard,PA/SI Underway
Army,Texas,El Campo,National Guard,PA/SI Underway
Army,Texas,Ellington Field,National Guard,PA/SI Underway
Army,Texas,Fort Bliss,Active,PA/SI Underway
Army,Texas,Fort Hood,Active,PA/SI Underway
Army,Texas,Grand Prairie (DNAS),National Guard,PA/SI Underway
Army,Texas,Lone Star AAP,BRAC,PA/SI Underway
Army,Texas,Longhorn Army Ammunition Plant,Active,PA/SI Underway
Army,Texas,Martindale - AASF,National Guard,PA/SI Underway
Army,Texas,Red River Army Depot,Active,PA/SI Underway
Army,Texas,Red River Army Depot,BRAC,PA/SI Underway
Army,Texas,Saginaw Burn Pit Area,National Guard,PA/SI Underway
Army,Utah,AASF-E.J. Garn Aviation Complex,National Guard,PA/SI Underway
Army,Utah,Dugway Proving Ground,Active,PA/SI Underway
Army,Utah,Sustained Airborne TNG FAC,National Guard,PA/SI Underway
Army,Utah,Tooele Army Depot,Active,PA/SI Underway
Army,Utah,Tooele Army Depot,BRAC,PA/SI Underway
Army,Utah,Chemical Depot),Active,PA/SI Underway
Army,Utah,Wendover Airport - AVFAC,National Guard,PA/SI Underway
Army,Utah,Test Site,Active,PA/SI Underway
Army,Vermont,JFHQ Camp Johnson,National Guard,Action
Army,Vermont,South BurlingtonAASF / Readiness Center,National Guard,Action
Army,Vermont,TS Ethan Allen Range,National Guard,PA/SI Underway
Army,Virgin Islands,AAOF Blair Hangar,National Guard,PA/SI Underway
Army,Virginia,AASF Byrd Field,National Guard,PA/SI Underway
Army,Virginia,Camp Pendleton SMR,National Guard,PA/SI Underway
Army,Virginia,Chesterfield Limited AASF,National Guard,PA/SI Underway
Army,Virginia,Fort AP Hill,Active,PA/SI Underway
Army,Virginia,Fort Belvoir,Active,PA/SI Underway
Army,Virginia,Fort Lee,Active,PA/SI Underway
Army,Virginia,Fort Monroe,BRAC,PA/SI Underway
Army,Virginia,Fort Pickett,BRAC,PA/SI Underway
Army,Virginia,Fort Pickett MTC,National Guard,PA/SI Underway
Army,Virginia,Ft. Belvoir AASF,National Guard,Another Installation
Army,Virginia,JB Myer Henderson Hall,Active,PA/SI Underway
Army,Virginia,Radford Army Ammunition Plant,Active,PA/SI Underway
Army,Virginia,Vint Hill Farms,BRAC,PA/SI Underway
Army,Washington,AASF #2 WA,National Guard,Action
Army,Washington,Bremerton,National Guard,Action
Army,Washington,Camp Bonneville,BRAC,PA/SI Underway
Army,Washington,Camp Murray,National Guard,Action
Army,Washington,JB Lewis McChord,Active,PA/SI Completed - RI Underway
Army,Washington,Center,Active,PA/SI Underway
Army,West Virginia,CTC Camp Dawson-Kingwood,National Guard,PA/SI Underway
Army,West Virginia,Fixed wing AAS,National Guard,PA/SI Underway
Army,West Virginia,Parkersburg AASF #1,National Guard,PA/SI Underway
Army,West Virginia,Wheeling - AASF #2,National Guard,PA/SI Underway
Army,Wisconsin,Badger Army Ammunition Plant,Active,PA/SI Underway
Army,Wisconsin,Fort McCoy,Active,PA/SI Completed - RI Planned
Army,Wisconsin,Madison AASF #2,National Guard,PA/SI Underway
Army,Wisconsin,West Bend AASF #1 / Armory,National Guard,PA/SI Underway
Army,Wyoming,Casper,National Guard,Action
Army,Wyoming,Cheyenne AASF,National Guard,Action
Army,Wyoming,MTCH Camp Guernsey,National Guard,PA/SI Underway
Navy,Alaska,Adak AK NAF,BRAC,PA/SI Underway
Navy,Alaska,AMCHITKA AK FLTSURSPTDET1,Active,PA/SI Underway
Navy,Alaska,BARROW AK NARL,Active,PA/SI and RI Underway
Navy,Arizona,YUMA AZ MCAS,Active,PA/SI Completed - RI Underway
Navy,California,ALAMEDA_NAS,BRAC,PA/SI and RI Underway
Navy,California,AZUSA CA NCCOSC MORRIS DA,Active,PA/SI Completed - RI Underway
Navy,California,BARSTOW CA MCLB,Active,PA/SI Completed - RI Underway
Navy,California,CAMP PENDLETON CA MCB,Active,PA/SI and RI Underway
Navy,California,CHINA LAKE CA NAWCWPNSDIV,Active,PA/SI Underway
Navy,California,Concord NWS,BRAC,PA/SI Underway
Navy,California,Crows NALF,BRAC,PA/SI Underway
Navy,California,EL CENTRO CA NAF,Active,PA/SI Underway
Navy,California,El Toro MCAS,BRAC,PA/SI Underway
Navy,California,Hunters Point Annex,BRAC,PA/SI Underway
Navy,California,IMPERIAL BEACH CA NAVALF,Active,PA/SI Underway
Navy,California,LEMOORE CA NAS,Active,PA/SI Underway
Navy,California,Long Beach NS,BRAC,PA/SI Underway
Navy,California,Long Beach NSY,BRAC,PA/SI Underway
Navy,California,Mare Island NSY,BRAC,PA/SI Underway
Navy,California,MIRAMAR CA MCAS,Active,PA/SI Underway
Navy,California,Moffett Field NAS,BRAC,Another Federal Agency
Navy,California,NAS PT MUGU CA NAVAIRWARC,Active,PA/SI Completed - RI Underway
Navy,California,NAVBASE CORONADO,Active,PA/SI and RI Underway
Navy,California,NAVBASE SAN DIEGO,Active,PA/SI Underway
Navy,California,NAVCOMTELSTA STOCKTON,Active,PA/SI Underway
Navy,California,Point Molate NFD,BRAC,PA/SI Underway
Navy,California,PORT HUENEME CA NFELC,Active,PA/SI Completed - RI Underway
Navy,California,SAN DIEGO CA AUXLNDFLD,Active,PA/SI Underway
Navy,California,SAN DIEGO CA FASWTC PAC,Active,PA/SI Underway
Navy,California,SAN DIEGO CA NISE-WEST,Active,PA/SI Underway
Navy,California,SAN NICOLAS IS CA OLF,Active,PA/SI Underway
Navy,California,SEAL BEACH CA WPNSUPFAC,Active,PA/SI Underway
Navy,California,SPAWARSYSCEN PACIFIC SD,Active,PA/SI Underway
Navy,California,Treasure Island NS,BRAC,PA/SI and RI Underway
Navy,California,Tustin MCAS,BRAC,PA/SI Underway
Navy,California,TWENTYNINE PALMS CA MAGCC,Active,PA/SI and RI Underway
Navy,Connecticut,BLOOMFIELD CT NWIRP,Active,Action
Navy,Connecticut,NEW LONDON CT NSB,Active,PA/SI Underway
Navy,District of Columbia,ANACOSTIA DC NS,Active,PA/SI Underway
Navy,District of Columbia,WASHINGTON DC COMNAVDIST,Active,PA/SI Underway
Navy,District of Columbia,WASHINGTON DC NAVSECSTA,Active,Action
Navy,District of Columbia,WASHINGTON DC NRL,Active,PA/SI Underway
Navy,Florida,Cecil Field NAS,BRAC,PA/SI Underway
Navy,Florida,CID CORRY STATION,Active,PA/SI Underway
Navy,Florida,FISC JAX (NWCF),Active,Action
Navy,Florida,JACKSONVILLE FL NAS,Active,PA/SI Underway
Navy,Florida,KEY WEST FL NAS,Active,PA/SI Underway
Navy,Florida,KEY WEST FL NAS,BRAC,PA/SI Underway
Navy,Florida,MAYPORT FL NS,Active,PA/SI Completed - RI Planned
Navy,Florida,NSWC DIV PANAMA CITY,Active,PA/SI Underway
Navy,Florida,Orlando NTC,BRAC,PA/SI Underway
Navy,Florida,PENSACOLA FL NAS,Active,PA/SI and RI Underway
Navy,Florida,SAUFLEY FLD FL NAS,Active,PA/SI Underway
Navy,Florida,WHITING FLD FL NAS,Active,PA/SI Underway
Navy,Georgia,ALBANY GA MCLB,Active,PA/SI Underway
Navy,Georgia,KINGS BAY GA NSB,Active,PA/SI Underway
Navy,Guam,Guam Agana NAS,BRAC,PA/SI Underway
Navy,Guam,GUAM NAVACTS,Active,PA/SI Underway
Navy,Guam,NSA ANDERSEN GUAM,Active,PA/SI and RI Underway
Navy,Hawaii,BARBERS POINT HI NAS,Active,PA/SI Underway
Navy,Hawaii,Barbers Point NAS,BRAC,PA/SI Underway
Navy,Hawaii,BARKING SANDS HI PMRF,Active,PA/SI Underway
Navy,Hawaii,JBPHH PEARL HARBOR HI,Active,PA/SI Underway
Navy,Hawaii,KANEOHE BAY HI MCB,Active,PA/SI Underway
Navy,Hawaii,NAVFAC HAWAII P HARBOR,Active,PA/SI and RI Underway
Navy,Hawaii,NMC EAD DET PEARL HARBOR,Active,PA/SI Underway
Navy,Hawaii,PEARL HARBOR HI FISC,Active,PA/SI and RI Underway
Navy,Hawaii,PEARL HARBOR HI NSY,Active,PA/SI Underway
Navy,Illinois,Glenview NAS,BRAC,PA/SI Underway
Navy,Illinois,GREAT LAKES IL NSTC,Active,PA/SI Underway
Navy,Indiana,Indianapolis,BRAC,PA/SI Underway
Navy,Indiana,NAVSURFWARCENDIV CRANE,Active,PA/SI Underway
Navy,Kentucky,Louisville Crane Division Det NOS/NSWC,BRAC,PA/SI Underway
Navy,Louisiana,NEW ORLEANS LA NAS JRB,Active,PA/SI Underway
Navy,Maine,Brunswick NAS,BRAC,PA/SI Completed - RI Underway
Navy,Maine,NCTAMSLANT DET CUTLER,Active,PA/SI and RI Underway
Navy,Maine,PORTS NSYD PORTS NH,Active,PA/SI Underway
Navy,Maryland,ANNAPOLIS MD NS,Active,PA/SI Underway
Navy,Maryland,Annapolis NSWC Carderock DIV Det,BRAC,PA/SI Completed - RI Underway
Navy,Maryland,BAINBRIDGE MD NTC,Active,Action
Navy,Maryland,CHESAPEAKE BEACH MD RESLB,Active,PA/SI Underway
Navy,Maryland,INDIAN HEAD MD NSWCTRDIV,Active,PA/SI Underway
Navy,Maryland,NAVSURFWARCEN WBETH DD,Active,PA/SI Underway
Navy,Maryland,PATUXENT RIVER MD NAS,Active,PA/SI and RI Underway
Navy,Maryland,SOLOMONS MD NRECC,Active,PA/SI Underway
Navy,Maryland,ST INIGOES MD NAVELEXSYS,Active,PA/SI Underway
Navy,Maryland,W REED NAT MIL MED CTR,Active,Action
Navy,Maryland,(Silver Spring),BRAC,PA/SI Underway
Navy,Massachusetts,BEDFORD MA NWRIP,Active,PA/SI Underway
Navy,Massachusetts,South Weymouth NAS,BRAC,PA/SI and RI Underway
Navy,Midway Islands,MIDWAY ISLAND NAF,BRAC,PA/SI Underway
Navy,Minnesota,MINNEAPOLIS MN NIROP,Active,PA/SI Underway
Navy,Mississippi,GULFPORT MS NCBC,Active,PA/SI Underway
Navy,Mississippi,MERIDIAN MS NAS,Active,PA/SI and RI Underway
Navy,Missouri,KANSAS CITY MO,Active,Action
Navy,Missouri,KANSAS CITY MO,BRAC,PA/SI Underway
Navy,Nevada,FALLON NV NAS,Active,PA/SI and RI Underway
Navy,New Jersey,NMC DET EARLE,Active,PA/SI and RI Underway
Navy,New Jersey,Trenton NAWC-AD,BRAC,PA/SI Completed - RI Underway
Navy,New York,BETHPAGE NY NWIRP,Active,PA/SI Underway
Navy,New York,CALVERTON NY NPRO,Active,PA/SI and RI Underway
Navy,North Carolina,CAMP LEJEUNE NC MCB,Active,PA/SI Underway
Navy,North Carolina,CHERRY POINT NC MCAS,Active,PA/SI Underway
Navy,Pennsylvania,MECHANICSBURG PA NAVICP,Active,PA/SI Underway
Navy,Pennsylvania,Philadelphia NS,BRAC,PA/SI Underway
Navy,Pennsylvania,Warminster NAWC AD,BRAC,PA/SI Completed - RI Underway
Navy,Pennsylvania,Willow Grove NASJRB,BRAC,PA/SI Completed - RI Underway
Navy,Puerto Rico,Puerto Rico NA/NAVACT,BRAC,PA/SI Underway
Navy,Puerto Rico,ROOSEVELT ROADS RQ CGARCA,Active,PA/SI Underway
Navy,Puerto Rico,SAN JUAN PR MCRC,Active,PA/SI Underway
Navy,Rhode Island,DAVISVILLE_NCBC,BRAC,Action
Navy,Rhode Island,NEWPORT RI NETC,Active,PA/SI and RI Underway
Navy,South Carolina,BEAUFORT SC MCAS,Active,PA/SI and RI Underway
Navy,South Carolina,Charleston NS,BRAC,PA/SI Underway
Navy,South Carolina,Charleston NSY,BRAC,PA/SI Underway
Navy,South Carolina,PARRIS ISLAND SC MCRD,Active,PA/SI and RI Underway
Navy,Tennessee,BRISTOL TN NWIRP,Active,PA/SI Underway
Navy,Tennessee,Memphis NAS (Millington),BRAC,PA/SI Underway
Navy,Tennessee,MILLINGTON TN SUPPACT,Active,Action
Navy,Texas,Chase Field NAS,BRAC,PA/SI Underway
Navy,Texas,CORPUS CHRISTI TX NAS,Active,PA/SI Underway
Navy,Texas,Dallas NAS,BRAC,PA/SI Completed - RI Underway
Navy,Texas,DALLAS TX NWIRP,Active,PA/SI Underway
Navy,Texas,FT WORTH TX NAS JRB,Active,PA/SI Underway
Navy,Texas,KINGSVILLE TX NAS,Active,PA/SI Underway
Navy,Texas,MCCLENNAN TX NIROP,Active,PA/SI Underway
Navy,Virginia,CHESAPEAKE VA NSGA NW,Active,PA/SI Underway
Navy,Virginia,CHESAPEAKE VA STJULCREEK,Active,PA/SI Underway
Navy,Virginia,CRANEY ISLAND VA NFD/NSC,Active,PA/SI Underway
Navy,Virginia,DAHLGREN VA NSWCTR DIV,Active,PA/SI Underway
Navy,Virginia,DAM NECK VA,Active,PA/SI Underway
Navy,Virginia,Driver NRTF,BRAC,Action
Navy,Virginia,LITTLE CREEK VA NAVPHIBSE,Active,PA/SI Underway
Navy,Virginia,NMC DET YORKTOWN,Active,PA/SI Underway
Navy,Virginia,NORFOLK VA FISC,Active,PA/SI Underway
Navy,Virginia,NORFOLK VA NB,Active,PA/SI Underway
Navy,Virginia,OCEANA VA NAS,Active,PA/SI and RI Underway
Navy,Virginia,PORTSMOUTH VA NORFOLK NSY,Active,PA/SI Underway
Navy,Virginia,QUANTICO VA MCCOMBDEV CMD,Active,PA/SI Underway
Navy,Virginia,WILLIAMSBURG VA FISC CA,Active,PA/SI Underway
Navy,Washington,BREMERTON WA NAVBASE,Active,PA/SI Underway
Navy,Washington,BREMERTON PUGTSND WA FISC,Active,PA/SI Underway
Navy,Washington,INDIAN ISLAND WA NAVMAG,Active,PA/SI Underway
Navy,Washington,KEYPORT WA NUWC DIV,Active,PA/SI and RI Underway
Navy,Washington,MANCHESTER WA FUELDPTPSND,Active,PA/SI Underway
Navy,Washington,PUGET SOUND WA NAVSHIPYD,Active,PA/SI Underway
Navy,Washington,Puget Sound NS Sand Point,BRAC,PA/SI Underway
Navy,Washington,WHIDBEY IS WA NAS,Active,PA/SI and RI Underway
Navy,West Virginia,ROCKET CTR WVA WV ABL MNR,Active,PA/SI Underway
Air Force,Alabama,Birmingham International Airport,National Guard,PA/SI Underway
Air Force,Alabama,Maxwell-Gunter AFB,ACTIVE,PA/SI Underway
Air Force,Alabama,name),National Guard,PA/SI Underway
Air Force,Alaska,Clear Air Force Station,ACTIVE,PA/SI Completed - RI Planned
Air Force,Alaska,Eareckson AFS,ACTIVE,PA/SI Completed - RI Underway
Air Force,Alaska,Eielson AFB,ACTIVE,PA/SI Completed - RI Underway
Air Force,Alaska,Galena Forward Operating Location,BRAC,PA/SI Completed - RI Planned
Air Force,Alaska,Joint Base Elmendorf-Richardson,ACTIVE,PA/SI and RI Underway
Air Force,Alaska,King Salmon,ACTIVE,PA/SI Completed - RI Underway
Air Force,Alaska,Kulis Air National Guard Base,BRAC,PA/SI Completed - RI Underway
Air Force,Arizona,Air Force Plant 44,ACTIVE,PA/SI Underway
Air Force,Arizona,Air Force Research Laboratory Mesa,BRAC,Action
Air Force,Arizona,Davis-Monthan AFB,ACTIVE,PA/SI and RI Underway
Air Force,Arizona,Luke AFB,ACTIVE,PA/SI and RI Underway
Air Force,Arizona,Morris (Tucson International Airport),National Guard,PA/SI Underway
Air Force,Arizona,Sky Harbor International Airport,National Guard,PA/SI Underway
Air Force,Arizona,Williams AFB,BRAC,PA/SI Completed - RI Planned
Air Force,Arkansas,Eaker AFB,BRAC,PA/SI Completed - RI Planned
Air Force,Arkansas,Ft. Smith,National Guard,PA/SI Underway
Air Force,Arkansas,Little Rock AFB,ACTIVE,PA/SI Underway
Air Force,California,Air Force Plant 42,ACTIVE,PA/SI Underway
Air Force,California,Beale AFB,ACTIVE,PA/SI Underway
Air Force,California,Castle AFB,BRAC,PA/SI Completed - RI Planned
Air Force,California,Channel Islands,National Guard,PA/SI Underway
Air Force,California,Edwards AFB,ACTIVE,PA/SI and RI Underway
Air Force,California,Fresno Air Guard,National Guard,PA/SI Underway
Air Force,California,George AFB,BRAC,PA/SI Completed - RI Planned
Air Force,California,Los Angeles AFB,ACTIVE,Action
Air Force,California,March AFB,BRAC,PA/SI Completed - RI Underway
Air Force,California,March Air Reserve Base,ACTIVE,PA/SI and RI Underway
Air Force,California,Mather AFB,BRAC,PA/SI Completed - RI Planned
Air Force,California,McClellan AFB,BRAC,PA/SI Completed - RI Planned
Air Force,California,Moffett Field,National Guard,PA/SI Underway
Air Force,California,Norton AFB,BRAC,PA/SI Completed - RI Planned
Air Force,California,Onizuka Air Force Station,BRAC,Action
Air Force,California,Ontario Air Force Station,BRAC,Action
Air Force,California,Travis AFB,ACTIVE,PA/SI and RI Underway
Air Force,California,Vandenberg AFB,ACTIVE,PA/SI Underway
Air Force,Colorado,Air Force Plant PJKS,ACTIVE,PA/SI Completed - RI Planned
Air Force,Colorado,Buckley AFB,ACTIVE,PA/SI and RI Underway
Air Force,Colorado,Buckley Annex,BRAC,Action
Air Force,Colorado,Cheyenne Mountain Air Force Station,ACTIVE,PA/SI Completed - RI Planned
Air Force,Colorado,Lowry AFB,BRAC,PA/SI Completed - RI Planned
Air Force,Colorado,Peterson AFB,ACTIVE,PA/SI Completed - RI Underway
Air Force,Colorado,Schriever AFB,ACTIVE,PA/SI Completed - RI Planned
Air Force,Colorado,USAF Academy,ACTIVE,PA/SI Completed - RI Planned
Air Force,Connecticut,Bradley International Airport,National Guard,PA/SI Underway
Air Force,Delaware,Dover AFB,ACTIVE,PA/SI and RI Underway
Air Force,Delaware,New Castle,National Guard,PA/SI Underway
Air Force,Florida,Avon Park Air Force Reserve,ACTIVE,PA/SI Underway
Air Force,Florida,Cape Canaveral Air Force Station,ACTIVE,PA/SI Underway
Air Force,Florida,Eglin AFB,ACTIVE,PA/SI and RI Underway
Air Force,Florida,Homestead AFB,BRAC,Action
Air Force Florida,Homestead Air Reserve Base,ACTIVE,PA/SI Underway,NA
Air Force Florida,Hurlburt Field,ACTIVE,PA/SI Underway,NA
Air Force Florida,Jacksonville,National Guard,PA/SI Underway,NA
Air Force Florida,MacDill AFB,ACTIVE,PA/SI Underway,NA
Air Force Florida,Patrick AFB,ACTIVE,PA/SI Completed - RI Planned,NA
Air Force Florida,Tyndall AFB,ACTIVE,PA/SI Underway,NA
Air Force Georgia,Air Force Plant 6,ACTIVE,PA/SI Underway,NA
Air Force Georgia,Dobbins Air Reserve Base,ACTIVE,PA/SI and RI Underway,NA
Air Force Georgia,Moody AFB,ACTIVE,PA/SI and RI Underway,NA
Air Force Georgia,Robins AFB,ACTIVE,PA/SI Completed - RI Planned,NA
Air Force Georgia,Savannah International Airport,National Guard,PA/SI Underway,NA
Air Force,Hawaii,Bellows Air Force Station,ACTIVE,Action
Air Force,Idaho,Boise,National Guard,PA/SI Underway
Air Force,Idaho,Mountain Home AFB,ACTIVE,PA/SI and RI Underway
Air Force,Illinois,Chanute AFB,BRAC,PA/SI Completed - RI Planned
Air Force,Illinois,Greater Peoria,National Guard,PA/SI and RI Underway
Air Force,Illinois,O'Hare Air Reserve Station,BRAC,PA/SI Completed - RI Planned
Air Force,Illinois,Scott AFB,ACTIVE,PA/SI Underway
Air Force,Illinois,Springfield Municipal (Capital),National Guard,PA/SI and RI Underway
Air Force,Indiana,Fort Wayne Municipal,National Guard,PA/SI Underway
Air Force,Indiana,Grissom AFB,BRAC,PA/SI Completed - RI Planned
Air Force,Indiana,Grissom Air Reserve Base,ACTIVE,PA/SI Completed - RI Planned
Air Force,Indiana,Hulman,National Guard,PA/SI and RI Underway
Air Force,Iowa,Des Moines,National Guard,PA/SI Underway
Air Force,Iowa,SIOUX CTY APT ANG (EESOH-MIS name) National Guard,PA/SI Underway,NA
Air Force,Kansas,Forbes Field,National Guard,PA/SI Underway
Air Force,Kansas,McConnell AFB,ACTIVE,PA/SI and RI Underway
Air Force,Kentucky,Standiford Field Air National Guard National Guard,PA/SI Underway,NA
Air Force,Louisiana,Barksdale AFB,ACTIVE,PA/SI Underway
Air Force,Louisiana,England AFB,BRAC,PA/SI Completed - RI Planned
Air Force,Maine,Bangor International Airport,National Guard,PA/SI Underway
Air Force,Maine,Loring AFB,BRAC,PA/SI Completed - RI Underway
Air Force,Maryland,Joint Base Andrews,ACTIVE,PA/SI Underway
Air Force,Maryland,Martin State,National Guard,PA/SI Completed - RI Planned
Air Force,Massachusetts,Barnes Municipal,National Guard,PA/SI Underway
Air Force,Massachusetts,Hanscom AFB,ACTIVE,PA/SI Underway
Air Force,Massachusetts,Massachusetts Military Reservation),National Guard,PA/SI and RI Underway
Air Force,Massachusetts,Westover Air Reserve Base,ACTIVE,PA/SI Completed - RI Planned
Air Force,Michigan,Alpena,National Guard,PA/SI and RI Underway
Air Force,Michigan,Calumet Air Force Station,ACTIVE,Action
Air Force,Michigan,KI Sawyer AFB,BRAC,PA/SI Completed - RI Planned
Air Force,Michigan,Selfridge,National Guard,PA/SI Underway
Air Force,Michigan,WK Kellogg,National Guard,PA/SI and RI Underway
Air Force,Michigan,Wurtsmith AFB,BRAC,PA/SI Completed - RI Underway
Air Force,Minnesota,Duluth International Airport,National Guard,PA/SI Underway
Air Force,Minnesota,Minneapolis-St Paul Air Reserve Station,ACTIVE,PA/SI Completed - RI Planned
Air Force,Minnesota,Minneapolis-St Paul IAP,National Guard,PA/SI Underway
Air Force,Mississippi,Columbus AFB,ACTIVE,PA/SI Underway
Air Force Mississippi,Gulfport Biloxi,National Guard,PA/SI Underway,NA
Air Force Mississippi,Jackson,National Guard,PA/SI Underway,NA
Air Force Mississippi,Keesler AFB,ACTIVE,PA/SI Completed - RI Planned,NA
Air Force Mississippi,Key Field,National Guard,PA/SI Underway,NA
Air Force Missouri,Lambert St. Louis,National Guard,PA/SI Underway,NA
Air Force Missouri,Richards-Gebaur AFB,BRAC,PA/SI Completed - RI Planned,NA
Air Force Missouri,Rosecrans Memorial,National Guard,PA/SI Underway,NA
Air Force Missouri,Whiteman AFB,ACTIVE,PA/SI Underway,NA
Air Force Montana,Great Falls International Airport,National Guard,PA/SI Underway,NA
Air Force Montana,Malmstrom AFB,ACTIVE,PA/SI Completed - RI Planned,NA
Air Force Nebraska,Lincoln Municipal,National Guard,PA/SI Underway,NA
Air Force Nebraska,Offutt AFB,ACTIVE,PA/SI and RI Underway,NA
Air Force Nevada,Creech AFB,ACTIVE,PA/SI Underway,NA
Air Force,Nevada,Nellis AFB,ACTIVE,PA/SI Completed - RI Underway
Air Force,Nevada,Reno Tahoe,National Guard,PA/SI Underway
Air Force,New Hampshire,New Boston Air Force Station,ACTIVE,PA/SI Underway
Air Force,New Hampshire,Pease AFB,BRAC,PA/SI Completed - RI Underway
Air Force,New Hampshire,Pease,National Guard,Another Installation
Air Force,New Jersey,Atlantic City,National Guard,PA/SI Underway
Air Force,New Jersey,Joint Base McGuire-Dix-Lakehurst,ACTIVE,PA/SI and RI Underway
Air Force,New Mexico,Cannon AFB,ACTIVE,PA/SI Completed - RI Underway
Air Force,New Mexico,Holloman AFB,ACTIVE,PA/SI Completed - RI Planned
Air Force,New Mexico,Kirtland AFB,ACTIVE,PA/SI Underway
Air Force,New York,Air Force Research Laboratory Rome,ACTIVE,PA/SI Completed - RI Planned
Air Force,New York,Francis S. Gabreski,National Guard,PA/SI Completed - RI Planned
Air Force,New York,Griffiss AFB,BRAC,PA/SI Completed - RI Planned
Air Force,New York,Hancock Field,National Guard,PA/SI Underway
Air Force,New York,Niagara Falls Air Reserve Station,ACTIVE,PA/SI Completed - RI Planned
Air Force,New York,Plattsburgh AFB,BRAC,PA/SI Completed - RI Underway
Air Force,New York,Roslyn Air National Guard Station,BRAC,Action
Air Force,New York,Schenectady Airport,National Guard,PA/SI Underway
Air Force,New York,Stewart International Airport,National Guard,PA/SI Underway
Air Force,North Carolina,Charlotte Douglas,National Guard,PA/SI Underway
Air Force,North Carolina,New London ANGB (Stanly County Airport),National Guard,PA/SI Underway
Air Force,North Carolina,Seymour Johnson AFB,ACTIVE,PA/SI Underway
Air Force,North Dakota,Cavalier Air Force Station,ACTIVE,PA/SI and RI Underway
Air Force,North Dakota,Grand Forks AFB,ACTIVE,PA/SI Completed - RI Planned
Air Force,North Dakota,Hector Field,National Guard,PA/SI Underway
Air Force,North Dakota,Minot AFB,ACTIVE,PA/SI and RI Underway
Air Force,Ohio,Air Force Plant 36,ACTIVE,Action
Air Force,Ohio,Air Force Plant 85,ACTIVE,PA/SI Completed - RI Planned
Air Force,Ohio,Gentile Air Force Station,BRAC,PA/SI Completed - RI Planned
Air Force,Ohio,Mansfield,National Guard,PA/SI Underway
Air Force,Ohio,Newark AFB,BRAC,PA/SI Completed - RI Planned
Air Force,Ohio,Rickenbacker,BRAC,PA/SI Completed - RI Planned
Air Force Ohio,Rickenbacker,National Guard,PA/SI Underway,NA
Air Force Ohio,Springfield-Beckley Municipal,National Guard,PA/SI Underway,NA
Air Force Ohio,Toledo Express,National Guard,PA/SI and RI Underway,NA
Air Force Ohio,Wright Patterson AFB,ACTIVE,PA/SI and RI Underway,NA
Air Force Ohio,Youngstown Air Reserve Station,ACTIVE,PA/SI Underway,NA
Air Force Oklahoma,Air Force Plant 3,ACTIVE,PA/SI Completed - RI Planned,NA
Air Force Oklahoma,Altus AFB,ACTIVE,PA/SI Completed - RI Planned,NA
Air Force Oklahoma,Tinker AFB,ACTIVE,PA/SI Underway,NA
Air Force Oklahoma,Tulsa International Airport,National Guard,PA/SI Underway,NA
Air Force Oklahoma,Vance AFB/Kegelman,ACTIVE,PA/SI Underway,NA
Air Force Oklahoma,Will Rogers International Airport,National Guard,PA/SI Underway,NA
Air Force Oregon,Klamath Falls,National Guard,PA/SI Underway,NA
Air Force,Oregon,PORTLAND (EESOH-MIS name),National Guard,PA/SI Completed - RI Underway
Air Force,Pennsylvania,Grove ANG),National Guard,PA/SI and RI Underway
Air Force,Pennsylvania,Harrisburg International Airport,National Guard,PA/SI Underway
Air Force,Pennsylvania,Pittsburgh Air Reserve Station,ACTIVE,PA/SI Underway
Air Force,Pennsylvania,Pittsburgh ANGB,National Guard,PA/SI Underway
Air Force,Puerto Rico,LUIS MUNIZ MARIN (EESOH-MIS name),National Guard,PA/SI Underway
Air Force,Rhode Island,Quonset Point State Airport,National Guard,PA/SI Underway
Air Force,South Carolina,Joint Base Charleston,ACTIVE,PA/SI Completed - RI Underway
Air Force,South Carolina,McEntire Air Guard,National Guard,PA/SI Underway
Air Force,South Carolina,Myrtle Beach AFB,BRAC,PA/SI Completed - RI Planned
Air Force,South Carolina,Shaw AFB,ACTIVE,PA/SI and RI Underway
Air Force,South Dakota,Ellsworth AFB,ACTIVE,PA/SI Completed - RI Underway
Air Force,South Dakota,Joe Foss Field (Sioux Falls),National Guard,PA/SI and RI Underway
Air Force,Tennessee,Arnold AFB,ACTIVE,PA/SI and RI Underway
Air Force,Tennessee,McGhee-Tyson,National Guard,PA/SI Underway
Air Force,Tennessee,Memphis International Airport,National Guard,PA/SI Underway
Air Force,Tennessee,Nashville Metro,National Guard,PA/SI Underway
Air Force,Texas,Air Force Plant 4,ACTIVE,PA/SI Completed - RI Planned
Air Force,Texas,Bergstrom AFB,BRAC,PA/SI Completed - RI Planned
Air Force,Texas,Brooks-City Base,BRAC,Action
Air Force,Texas,Carswell AFB,BRAC,Action
Air Force,Texas,Dyess AFB,ACTIVE,PA/SI Underway
Air Force,Texas,Ellington Field,National Guard,PA/SI Underway
Air Force,Texas,Goodfellow AFB,ACTIVE,PA/SI Underway
Air Force,Texas,"Randolph, Ft Sam Houston, Camp Bullis",ACTIVE,PA/SI and RI Underway
Air Force,Texas,Kelly AFB,BRAC,PA/SI Completed - RI Planned
Air Force,Texas,Laughlin AFB,ACTIVE,PA/SI Completed - RI Planned
Air Force,Texas,Reese AFB,BRAC,PA/SI Completed - RI Underway
Air Force,Texas,Sheppard AFB,ACTIVE,PA/SI Underway
Air Force,Utah,Hill AFB,ACTIVE,PA/SI and RI Underway
Air Force,Utah,Salt Lake City,National Guard,PA/SI Underway
Air Force,Vermont,Burlington,National Guard,PA/SI Underway
Air Force,Virginia,Joint Base Langley-Eustis,ACTIVE,PA/SI Completed - RI Planned
Air Force,Virginia,Richmond International Airport Byrd Field,National Guard,PA/SI Underway
Air Force Wake Island,Wake Island,ACTIVE,PA/SI Completed - RI Planned,NA
Air Force,Washington,Fairchild AFB,ACTIVE,PA/SI Completed - RI Underway
Air Force,Washington,Four Lakes Air National Guard Station,BRAC,Action
Air Force,West Virginia,EWVRA Shepherd Field (Martinsburg),National Guard,PA/SI Underway
Air Force,West Virginia,Yeager (McLaughlin),National Guard,PA/SI Underway
Air Force,Wisconsin,General Mitchell,National Guard,PA/SI Underway
Air Force,Wisconsin,General Mitchell Air Reserve Station,BRAC,PA/SI Completed - RI Planned
Air Force,Wisconsin,Truax Field,National Guard,PA/SI and RI Underway
Air Force,Wisconsin,Volk Field,National Guard,PA/SI and RI Underway
Air Force,Wyoming,Cheyenne Municipal,National Guard,PA/SI Underway
Air Force,Wyoming,FE Warren AFB,ACTIVE,PA/SI Completed - RI Planned
DLA,California,DFSP Norwalk,Active,PA/SI Underway
DLA,California,DFSP Ozol,Active,PA/SI Underway
DLA,California,DFSP San Pedro,Active,PA/SI Underway
DLA,New Hampshire,DFSP Newington,Active,PA/SI Underway
DLA,New York,DFSP Verona,Active,PA/SI Underway
DLA,Pennsylvania,Defense Distribution Center Susquehanna,Active,PA/SI Underway
DLA,Virginia,Defense Supply Center Richmond,Active,PA/SI Underway
FUDS,California,HAMILTON ARMY AIRFIELD,FUDS,PA/SI Underway
FUDS,Michigan,KINCHELOE AIR FORCE BASE,FUDS,PA/SI Underway
FUDS,Rhode Island,NAVAL AUX LANDING FIELD,FUDS,PA/SI Underway
FUDS,Washington,MANCHESTER ANNEX,FUDS,PA/SI Underway
